{
  "total_sessions": 3,
  "session_ids": [
    "04e3c1516706",
    "17567a08840c",
    "1324d31b3ad3"
  ],
  "attacker_ip": "192.168.100.9",
  "attacker_location": "internal network",
  "ssh_client": "OpenSSH_10.0p2 Debian-8",
  "hassh_fingerprint": "eeca2460550b9ded084ecf2f70a75356",
  "total_events_captured": 8,
  "authentication_attempts": {
    "total": 3,
    "failed": 2,
    "successful": 1
  },
  "connection_timing": {
    "first_session_duration": "27.7 seconds",
    "second_session_duration": "117.6 seconds",
    "third_session_duration": "ongoing",
    "total_capture_time": "160+ seconds"
  }
}