{
  "project": "Cowrie SSH Honeypot Deployment",
  "status": "OPERATIONAL",
  "date_executed": "2025-11-17",
  "deployment_time": "2 hours 30 minutes",
  "system": {
    "vm": "VirtualBox 7.2.21",
    "os": "Ubuntu 22.04 LTS",
    "ram": "4GB",
    "disk": "30GB used",
    "hostname": "tinku-VirtualBox"
  },
  "installation": {
    "packages_installed": 30,
    "python_packages": 26,
    "cowrie_version": "2.8.2.dev45+g884f1feb2",
    "python_version": "3.12.3",
    "twisted_version": "25.5.0"
  },
  "honeypot_status": {
    "process_id": 41744,
    "listening_port": 2222,
    "status": "RUNNING",
    "uptime": "continuous",
    "ssh_service": "active"
  }
}