{
  "session_id": "17567a08840c",
  "post_authentication_commands": [
    {
      "command_number": 1,
      "command": "ls",
      "timestamp": "2025-11-17T14:21:22.116061Z",
      "purpose": "Directory enumeration",
      "type": "reconnaissance"
    },
    {
      "command_number": 2,
      "command": "pwd",
      "timestamp": "2025-11-17T14:21:32.704701Z",
      "purpose": "Current directory verification",
      "type": "reconnaissance"
    },
    {
      "command_number": 3,
      "command": "exit",
      "timestamp": "2025-11-17T14:22:34.795173Z",
      "purpose": "Session termination",
      "type": "exit"
    }
  ],
  "total_commands": 3,
  "session_duration": 95.5,
  "tty_log_size": 409,
  "tty_log_hash": "52221968eb859491c032e18510a85dad25f2ea253485d19068df5900de0e25d7"
}