{
  "attempts": [
    {
      "attempt_number": 1,
      "session": "04e3c1516706",
      "username": "root",
      "password": "root",
      "result": "TIMEOUT",
      "timestamp": "2025-11-17T14:17:04.886371Z"
    },
    {
      "attempt_number": 2,
      "session": "17567a08840c",
      "username": "root",
      "password": "root",
      "result": "FAILED",
      "timestamp": "2025-11-17T14:20:50.663033Z"
    },
    {
      "attempt_number": 3,
      "session": "17567a08840c",
      "username": "root",
      "password": "admin",
      "result": "SUCCESSFUL",
      "timestamp": "2025-11-17T14:20:59.185094Z"
    }
  ],
  "successful_credentials": {
    "username": "root",
    "password": "admin"
  },
  "unique_passwords_attempted": [
    "root",
    "admin"
  ],
  "success_rate": "33.33%"
}