{
  "project_name": "Cowrie SSH Honeypot Deployment",
  "completion_date": "2025-11-17",
  "status": "COMPLETE",
  "objectives_achieved": [
    "\u2713 Deploy operational honeypot on Ubuntu VM",
    "\u2713 Capture real SSH brute-force attacks",
    "\u2713 Log complete connection details in JSON format",
    "\u2713 Record credentials attempted by attackers",
    "\u2713 Implement automated threat response (fail2ban)",
    "\u2713 Verify network security configuration",
    "\u2713 Extract actionable threat intelligence"
  ],
  "deliverables": {
    "running_honeypot": "Yes - PID 41744, Port 2222",
    "detailed_logs": "Yes - 8+ JSON events captured",
    "attack_reports": "Yes - Analysis of 3 sessions",
    "threat_intelligence": "Yes - IoCs extracted",
    "documentation": "Yes - Complete setup guide"
  },
  "key_statistics": {
    "total_events_logged": 8,
    "successful_logins": 1,
    "failed_attempts": 2,
    "commands_captured": 3,
    "session_duration_max": "117.6 seconds",
    "uptime": "Continuous monitoring"
  }
}