{
  "network_security": {
    "port_redirection": "Enabled (iptables NAT)",
    "port_22_mapping": "22 \u2192 2222",
    "port_23_mapping": "23 \u2192 2223",
    "rules_persistent": true,
    "authbind_enabled": true
  },
  "privilege_separation": {
    "honeypot_user": "cowrie",
    "user_uid": 1002,
    "user_gid": 1002,
    "non_root": true,
    "privilege_escalation_protected": true
  },
  "threat_response": {
    "fail2ban_installed": true,
    "custom_filter": "cowrie.conf",
    "jail_configured": true,
    "ban_threshold": 3,
    "ban_duration": 86400,
    "iptables_integration": true
  },
  "logging": {
    "json_logging": true,
    "log_location": "/home/cowrie/cowrie/var/log/cowrie/cowrie.json",
    "tty_recording": true,
    "session_storage": "/home/cowrie/cowrie/var/lib/cowrie/tty/"
  }
}