{
  "attack_classification": "SSH Brute-force Attack",
  "threat_level": "LOW",
  "attack_phase": "Initial Access + Reconnaissance",
  "sophistication": "Low (Automated Bot)",
  "indicators_of_compromise": {
    "attacker_ip": "192.168.100.9",
    "ssh_client_version": "OpenSSH_10.0p2 Debian-8",
    "hassh_fingerprint": "eeca2460550b9ded084ecf2f70a75356",
    "successful_credentials": "root/admin"
  },
  "attack_behavior": {
    "persistence_attempts": "None",
    "privilege_escalation_attempts": "None",
    "lateral_movement": "None",
    "malware_deployment": "None",
    "file_exfiltration": "None"
  },
  "attack_intent": "System access via default credentials",
  "confidence": "High - Consistent with automated scanner behavior"
}